,state,Education,totalyearlycompensation,yearsofexperience,yearsatcompany,basesalary,stockgrantvalue,bonus,cityid,dmaid,rowNumber,Masters_Degree,Bachelors_Degree,Doctorate_Degree,Highschool,Some_College,Race_Asian,Race_White,Race_Two_Or_More,Race_Black,Race_Hispanic,Year
0,AL,Bachelor's Degree,130125.0,4.625,1.875,113000.0,8750.0,8500.0,9335.125,661.375,66170.5,0.0,1.0,0.0,0.0,0.0,0.0,0.625,0.0,0.25,0.0,2020.875
1,AL,Highschool,136000.0,1.0,1.0,110000.0,15000.0,11000.0,6845.0,630.0,66723.0,0.0,0.0,0.0,1.0,0.0,0.0,1.0,0.0,0.0,0.0,2021.0
2,AL,Master's Degree,135400.0,8.6,2.8,115800.0,7400.0,12400.0,5491.6,665.6,56142.0,1.0,0.0,0.0,0.0,0.0,0.0,0.6,0.2,0.0,0.0,2020.8
3,AL,PhD,171500.0,13.0,1.0,155000.0,15000.0,500.0,6879.0,691.0,66336.5,0.0,0.0,1.0,0.0,0.0,0.0,0.0,0.0,0.0,1.0,2021.0
4,AL,Some College,152000.0,11.0,2.0,137000.0,0.0,15000.0,6845.0,630.0,57756.0,0.0,0.0,0.0,0.0,1.0,0.0,1.0,0.0,0.0,0.0,2021.0
5,AR,Bachelor's Degree,163800.0,7.133333333333334,4.066666666666666,111866.66666666667,29733.333333333332,22333.333333333332,7656.6,625.3333333333334,54154.4,0.0,1.0,0.0,0.0,0.0,0.4,0.5333333333333333,0.0,0.06666666666666667,0.0,2020.4666666666667
6,AR,Highschool,87500.0,2.5,2.0,77500.0,2500.0,7500.0,15999.0,702.0,50808.0,0.0,0.0,0.0,1.0,0.0,0.0,1.0,0.0,0.0,0.0,2020.5
7,AR,Master's Degree,144794.87179487178,6.487179487179487,2.3076923076923075,105282.05128205128,18307.69230769231,21384.615384615383,7293.794871794872,635.6410256410256,46348.8717948718,1.0,0.0,0.0,0.0,0.0,0.5128205128205128,0.05128205128205128,0.0,0.0,0.0,2020.3076923076924
8,AR,PhD,376000.0,4.0,4.0,160000.0,165000.0,50000.0,12962.0,0.0,50307.0,0.0,0.0,1.0,0.0,0.0,0.0,1.0,0.0,0.0,0.0,2020.0
9,AZ,Bachelor's Degree,121528.08988764045,5.314606741573034,2.7191011235955056,99853.93258426966,10955.056179775282,10797.752808988764,7040.4157303370785,755.8314606741573,59023.651685393255,0.0,1.0,0.0,0.0,0.0,0.1797752808988764,0.5280898876404494,0.07865168539325842,0.0449438202247191,0.011235955056179775,2020.629213483146
10,AZ,Highschool,204500.0,11.25,1.75,147750.0,27750.0,29500.0,7042.0,753.0,64094.25,0.0,0.0,0.0,1.0,0.0,0.0,0.75,0.0,0.0,0.25,2021.0
11,AZ,Master's Degree,155808.08080808082,7.151515151515151,3.515151515151515,117363.63636363637,25282.828282828283,13181.818181818182,7705.969696969697,753.7272727272727,52936.32323232323,1.0,0.0,0.0,0.0,0.0,0.41414141414141414,0.16161616161616163,0.020202020202020204,0.010101010101010102,0.020202020202020204,2020.5050505050506
12,AZ,PhD,157444.44444444444,5.222222222222222,2.4444444444444446,129333.33333333333,15444.444444444445,12666.666666666666,7024.777777777777,757.0,48187.22222222222,0.0,0.0,1.0,0.0,0.0,0.2222222222222222,0.2222222222222222,0.0,0.0,0.0,2020.4444444444443
13,AZ,Some College,225000.0,8.4,2.0,148000.0,49000.0,28000.0,10278.6,753.0,49869.2,0.0,0.0,0.0,0.0,1.0,0.0,0.6,0.2,0.0,0.0,2020.2
14,CA,Bachelor's Degree,242947.08146247594,6.5394483643361125,2.426234765875561,159592.04618345093,62829.78351507377,19861.770365618988,7555.496792815908,807.4775497113534,56529.68665811417,0.0,1.0,0.0,0.0,0.0,0.40987812700449006,0.3171905067350866,0.05099422706863374,0.026619627966645285,0.05388069275176395,2020.5612572161642
15,CA,Highschool,248197.36842105264,7.447368421052632,2.4473684210526314,172736.84210526315,55394.73684210526,20052.63157894737,7817.263157894737,808.1578947368421,59542.84210526316,0.0,0.0,0.0,1.0,0.0,0.21052631578947367,0.5657894736842105,0.06578947368421052,0.013157894736842105,0.06578947368421052,2020.6447368421052
16,CA,Master's Degree,268568.02604523645,7.419551062371488,2.6544294037011653,169620.97326936258,73261.07059629883,23365.147361206306,7726.913125428376,808.1675805346127,47042.16620973269,1.0,0.0,0.008567511994516792,0.0,0.0,0.42323509252912955,0.08755997258396161,0.013708019191226868,0.008396161754626456,0.01439342015078821,2020.3510966415354
17,CA,PhD,331811.5606936416,6.409248554913295,2.5601156069364164,190472.8323699422,110268.20809248555,31124.85549132948,7484.1872832369945,807.7052023121387,45361.604624277454,0.0,0.0,1.0,0.0,0.0,0.30289017341040464,0.17803468208092485,0.013872832369942197,0.005780346820809248,0.021965317919075144,2020.293641618497
18,CA,Some College,274845.2380952381,8.952380952380953,2.9285714285714284,170333.33333333334,82738.09523809524,21988.095238095237,7346.833333333333,807.7738095238095,54299.892857142855,0.0,0.0,0.0,0.0,1.0,0.09523809523809523,0.6785714285714286,0.047619047619047616,0.03571428571428571,0.08333333333333333,2020.452380952381
19,CO,Bachelor's Degree,169000.0,6.213793103448276,2.4827586206896552,124027.58620689655,33282.75862068965,11793.103448275862,7711.958620689656,751.0344827586207,58249.213793103445,0.0,1.0,0.0,0.0,0.0,0.0896551724137931,0.6896551724137931,0.06206896551724138,0.006896551724137931,0.04827586206896552,2020.606896551724
20,CO,Highschool,256000.0,9.0,2.0,154000.0,82000.0,21000.0,7541.0,751.0,67950.5,0.0,0.0,0.0,1.0,0.0,0.0,1.0,0.0,0.0,0.0,2021.0
21,CO,Master's Degree,209429.90654205607,8.261682242990654,3.2850467289719627,142383.17757009345,40722.47663551402,14112.14953271028,8533.44859813084,729.9626168224299,46123.27102803739,1.0,0.0,0.009345794392523364,0.0,0.0,0.2803738317757009,0.2616822429906542,0.009345794392523364,0.0,0.009345794392523364,2020.3177570093458
22,CO,PhD,291200.0,12.6,4.6,160400.0,89800.0,41000.0,7542.2,751.0,37670.8,0.0,0.0,1.0,0.0,0.0,0.2,0.0,0.0,0.0,0.0,2020.2
23,CO,Some College,267428.5714285714,12.714285714285714,5.0,154142.85714285713,91142.85714285714,22714.285714285714,7550.0,751.0,54736.71428571428,0.0,0.0,0.0,0.0,1.0,0.0,0.7142857142857143,0.14285714285714285,0.14285714285714285,0.0,2020.5714285714287
24,CT,Bachelor's Degree,103837.83783783784,6.594594594594595,1.972972972972973,93459.45945945945,3189.189189189189,7432.4324324324325,6891.351351351352,323.5405405405405,58153.45945945946,0.0,1.0,0.0,0.0,0.0,0.21621621621621623,0.32432432432432434,0.05405405405405406,0.05405405405405406,0.13513513513513514,2020.6486486486488
25,CT,Highschool,112000.0,8.5,3.0,99500.0,5000.0,7500.0,3807.0,0.0,55841.5,0.0,0.0,0.0,1.0,0.0,0.0,0.5,0.5,0.0,0.0,2021.0
26,CT,Master's Degree,120279.06976744186,9.023255813953488,2.941860465116279,104790.69767441861,6790.697674418605,8837.209302325582,7763.7441860465115,332.93023255813955,53789.6976744186,1.0,0.0,0.0,0.0,0.0,0.23255813953488372,0.3488372093023256,0.023255813953488372,0.0,0.06976744186046512,2020.5581395348838
27,CT,PhD,173200.0,7.8,3.2,143600.0,16800.0,12800.0,6863.6,407.2,46322.6,0.0,0.0,1.0,0.0,0.0,0.2,0.4,0.0,0.0,0.0,2020.2
28,CT,Some College,55000.0,6.0,4.0,50000.0,0.0,5000.0,3807.0,0.0,40354.0,0.0,0.0,0.0,0.0,1.0,0.0,1.0,0.0,0.0,0.0,2020.0
29,DC,Bachelor's Degree,160788.8198757764,5.894409937888199,2.0434782608695654,127043.47826086957,19757.763975155278,13981.366459627328,40342.316770186335,501.4782608695652,55815.54037267081,0.0,1.0,0.0,0.0,0.0,0.20496894409937888,0.4782608695652174,0.031055900621118012,0.08695652173913043,0.055900621118012424,2020.5217391304348
30,DC,Master's Degree,193376.0,8.536,2.656,151032.0,22224.0,20232.0,40319.88,506.912,50097.472,1.0,0.008,0.016,0.0,0.0,0.16,0.304,0.024,0.08,0.024,2020.512
31,DC,PhD,167000.0,5.714285714285714,2.7142857142857144,144714.2857142857,12142.857142857143,9857.142857142857,40303.0,511.0,49116.57142857143,0.0,0.0,1.0,0.0,0.0,0.0,0.2857142857142857,0.0,0.0,0.14285714285714285,2020.2857142857142
32,DC,Some College,165750.0,11.25,5.75,118500.0,30500.0,16500.0,40830.5,383.25,82245.0,0.0,0.0,0.0,0.0,1.0,0.0,0.25,0.0,0.5,0.25,2021.0
33,DE,Bachelor's Degree,112727.27272727272,3.909090909090909,1.9090909090909092,102636.36363636363,2727.2727272727275,7090.909090909091,7666.454545454545,504.0,60701.818181818184,0.0,1.0,0.0,0.0,0.0,0.45454545454545453,0.36363636363636365,0.0,0.0,0.09090909090909091,2020.6363636363637
34,DE,Master's Degree,126769.23076923077,6.846153846153846,2.230769230769231,118153.84615384616,1538.4615384615386,6692.307692307692,7666.7692307692305,504.0,62393.846153846156,1.0,0.0,0.0,0.0,0.0,0.7692307692307693,0.15384615384615385,0.0,0.0,0.0,2020.7692307692307
35,DE,PhD,170000.0,5.0,5.0,140000.0,0.0,30000.0,7667.0,504.0,53273.0,0.0,0.0,1.0,0.0,0.0,0.0,1.0,0.0,0.0,0.0,2021.0
36,DE,Some College,88000.0,3.5,3.5,86000.0,0.0,2000.0,7665.5,504.0,74764.5,0.0,0.0,0.0,0.0,1.0,0.5,0.5,0.0,0.0,0.0,2021.0
37,FL,Bachelor's Degree,131232.87671232875,6.931506849315069,3.0684931506849313,108452.05479452055,12013.698630136987,10739.72602739726,10732.465753424658,533.013698630137,59071.260273972606,0.0,1.0,0.0,0.0,0.0,0.0821917808219178,0.3287671232876712,0.0273972602739726,0.0410958904109589,0.2876712328767123,2020.6164383561643
38,FL,Highschool,85000.0,4.0,2.5,76500.0,7500.0,1500.0,4527.5,533.5,71227.5,0.0,0.0,0.0,1.0,0.0,0.0,1.0,0.0,0.0,0.0,2021.0
39,FL,Master's Degree,145513.51351351352,7.783783783783784,2.8783783783783785,121770.27027027027,14148.648648648648,9810.81081081081,8564.135135135135,536.7972972972973,52684.31081081081,1.0,0.0,0.0,0.0,0.0,0.35135135135135137,0.22972972972972974,0.013513513513513514,0.02702702702702703,0.08108108108108109,2020.472972972973
40,FL,PhD,178500.0,5.5,3.75,112750.0,50000.0,17000.0,7952.75,545.5,40671.0,0.0,0.0,1.0,0.0,0.0,0.0,0.25,0.0,0.0,0.0,2020.25
41,FL,Some College,219000.0,8.0,2.0,170000.0,42000.0,7000.0,7772.5,550.0,79598.0,0.0,0.0,0.0,0.0,1.0,0.0,1.0,0.0,0.0,0.0,2021.0
42,GA,Bachelor's Degree,144674.2857142857,6.274285714285714,2.4914285714285715,115891.42857142857,14108.57142857143,14737.142857142857,8324.045714285714,520.8971428571429,61933.41714285714,0.0,1.0,0.0,0.0,0.0,0.2571428571428571,0.38857142857142857,0.022857142857142857,0.12571428571428572,0.06285714285714286,2020.7314285714285
43,GA,Highschool,148666.66666666666,7.0,3.5,128500.0,6833.333333333333,13333.333333333334,7839.0,524.0,66449.83333333333,0.0,0.0,0.0,1.0,0.0,0.0,0.16666666666666666,0.16666666666666666,0.3333333333333333,0.3333333333333333,2020.8333333333333
44,GA,Master's Degree,162536.76470588235,6.757352941176471,2.25,125205.88235294117,20566.176470588234,16742.647058823528,7839.52205882353,524.0,53640.919117647056,1.0,0.0,0.0,0.0,0.0,0.4117647058823529,0.15441176470588236,0.014705882352941176,0.03676470588235294,0.029411764705882353,2020.5
45,GA,PhD,199100.0,5.2,2.2,141400.0,46800.0,10900.0,7839.0,524.0,45316.3,0.0,0.0,1.0,0.0,0.0,0.1,0.1,0.1,0.0,0.1,2020.4
46,GA,Some College,128666.66666666667,7.833333333333333,3.3333333333333335,106833.33333333333,6666.666666666667,16166.666666666666,7838.166666666667,524.0,45822.666666666664,0.0,0.0,0.0,0.0,1.0,0.0,0.6666666666666666,0.16666666666666666,0.0,0.16666666666666666,2020.3333333333333
47,HI,Bachelor's Degree,140000.0,3.0,3.0,138000.0,0.0,2000.0,1221.0,744.0,60965.0,0.0,1.0,0.0,0.0,0.0,0.0,1.0,0.0,0.0,0.0,2021.0
48,HI,Master's Degree,235000.0,13.0,0.0,170000.0,15000.0,51000.0,1221.0,744.0,50277.0,1.0,0.0,0.0,0.0,0.0,0.0,0.0,0.0,1.0,0.0,2020.0
49,IA,Bachelor's Degree,130111.11111111111,6.555555555555555,4.555555555555555,116222.22222222222,2777.777777777778,11111.111111111111,8039.555555555556,669.6666666666666,62461.22222222222,0.0,1.0,0.0,0.0,0.0,0.0,0.8888888888888888,0.1111111111111111,0.0,0.0,2020.7777777777778
50,IA,Highschool,162000.0,9.0,9.0,107000.0,40000.0,15000.0,8036.0,637.0,62560.0,0.0,0.0,0.0,1.0,0.0,0.0,1.0,0.0,0.0,0.0,2021.0
51,IA,Master's Degree,186666.66666666666,9.333333333333334,8.333333333333334,133666.66666666666,40000.0,12333.333333333334,15197.666666666666,651.0,45595.0,1.0,0.0,0.0,0.0,0.0,0.3333333333333333,0.3333333333333333,0.0,0.0,0.0,2020.3333333333333
52,ID,Bachelor's Degree,183857.14285714287,9.428571428571429,5.571428571428571,135428.57142857142,26000.0,21714.285714285714,8132.0,757.0,67584.85714285714,0.0,1.0,0.0,0.0,0.0,0.0,1.0,0.0,0.0,0.0,2020.857142857143
53,ID,Master's Degree,123500.0,9.125,2.625,100750.0,9000.0,13500.0,8134.375,772.5,74666.75,1.0,0.0,0.0,0.0,0.0,0.625,0.125,0.0,0.0,0.0,2021.0
54,ID,PhD,212000.0,9.0,5.0,142000.0,40000.0,30000.0,8132.0,757.0,52258.0,0.0,0.0,1.0,0.0,0.0,1.0,0.0,0.0,0.0,0.0,2020.0
55,IL,Bachelor's Degree,152416.66666666666,5.5436507936507935,2.3412698412698414,117861.11111111111,14369.047619047618,20289.68253968254,8469.57142857143,598.7539682539683,59002.23809523809,0.0,1.0,0.0,0.0,0.0,0.28174603174603174,0.44047619047619047,0.027777777777777776,0.03968253968253968,0.05555555555555555,2020.6507936507937
56,IL,Highschool,171800.0,7.9,1.1,113400.0,29500.0,29400.0,10108.1,488.9,60648.1,0.0,0.0,0.0,1.0,0.0,0.1,0.3,0.1,0.1,0.3,2020.6
57,IL,Master's Degree,169055.55555555556,7.12962962962963,2.513888888888889,129023.14814814815,18287.037037037036,21810.185185185186,8264.62037037037,529.6944444444445,50000.03703703704,1.0,0.0,0.004629629629629629,0.0,0.0,0.35648148148148145,0.19444444444444445,0.018518518518518517,0.032407407407407406,0.009259259259259259,2020.412037037037
58,IL,PhD,190125.0,6.125,2.25,151937.5,22250.0,16312.5,10082.125,419.3125,52946.75,0.0,0.0,1.0,0.0,0.0,0.125,0.375,0.0,0.0,0.0625,2020.5
59,IL,Some College,101500.0,6.5,2.5,95000.0,0.0,6500.0,8188.0,638.5,51753.5,0.0,0.0,0.0,0.0,1.0,0.5,0.5,0.0,0.0,0.0,2020.5
60,IN,Bachelor's Degree,150678.57142857142,7.214285714285714,2.607142857142857,118071.42857142857,19785.714285714286,12750.0,8973.464285714286,537.2857142857143,64066.28571428572,0.0,1.0,0.0,0.0,0.0,0.25,0.6428571428571429,0.0,0.03571428571428571,0.07142857142857142,2020.8214285714287
61,IN,Master's Degree,108370.37037037036,5.777777777777778,3.6666666666666665,94407.4074074074,5814.814814814815,8370.37037037037,12788.111111111111,552.1481481481482,55999.37037037037,1.0,0.0,0.0,0.0,0.0,0.5925925925925926,0.14814814814814814,0.0,0.0,0.0,2020.5555555555557
62,IN,Some College,102000.0,5.0,5.0,87000.0,0.0,15000.0,8399.0,527.0,63765.0,0.0,0.0,0.0,0.0,1.0,0.0,1.0,0.0,0.0,0.0,2021.0
63,KS,Bachelor's Degree,105411.76470588235,6.588235294117647,5.470588235294118,97058.82352941176,3647.0588235294117,4764.705882352941,11623.764705882353,630.5882352941177,57412.76470588235,0.0,1.0,0.0,0.0,0.0,0.0,0.8235294117647058,0.058823529411764705,0.0,0.0,2020.7058823529412
64,KS,Master's Degree,116727.27272727272,9.636363636363637,5.681818181818182,104545.45454545454,11000.0,2181.818181818182,15654.636363636364,616.0,48823.09090909091,1.0,0.0,0.0,0.0,0.0,0.45454545454545453,0.2727272727272727,0.0,0.0,0.0,2020.2727272727273
65,KS,PhD,120000.0,6.0,1.0,120000.0,0.0,0.0,8585.0,678.0,53031.0,0.0,0.0,1.0,0.0,0.0,1.0,0.0,0.0,0.0,0.0,2021.0
66,KY,Bachelor's Degree,100272.72727272728,6.0,2.3636363636363638,90636.36363636363,3909.090909090909,5818.181818181818,10242.181818181818,531.0,62466.09090909091,0.0,1.0,0.0,0.0,0.0,0.0,0.6363636363636364,0.0,0.09090909090909091,0.0,2020.6363636363637
67,KY,Master's Degree,179800.0,7.2,1.8,116400.0,55000.0,8600.0,10452.2,430.2,50263.0,1.0,0.0,0.0,0.0,0.0,0.2,0.4,0.0,0.0,0.0,2020.6
68,KY,Some College,138000.0,20.0,1.0,118000.0,0.0,20000.0,8660.0,529.0,39186.0,0.0,0.0,0.0,0.0,1.0,0.0,1.0,0.0,0.0,0.0,2020.0
69,LA,Bachelor's Degree,142333.33333333334,7.333333333333333,3.0,99866.66666666667,28600.0,13866.666666666666,8149.733333333334,568.8,59532.26666666667,0.0,1.0,0.0,0.0,0.0,0.3333333333333333,0.6,0.0,0.06666666666666667,0.0,2020.8
70,LA,Master's Degree,107000.0,10.25,6.25,94250.0,7750.0,5000.0,6395.25,311.0,45704.75,1.0,0.0,0.0,0.0,0.0,0.25,0.5,0.0,0.0,0.25,2020.25
71,LA,PhD,510000.0,18.0,3.0,330000.0,160000.0,20000.0,8774.0,622.0,66485.0,0.0,0.0,1.0,0.0,0.0,0.0,0.0,0.0,0.0,0.0,2021.0
72,LA,Some College,38000.0,1.0,0.0,38000.0,0.0,0.0,8723.0,716.0,78552.0,0.0,0.0,0.0,0.0,1.0,0.0,0.0,0.0,0.0,1.0,2021.0
73,MA,Bachelor's Degree,181129.94350282487,5.833333333333333,2.1242937853107344,131491.5254237288,34895.4802259887,14822.033898305084,9711.175141242938,500.28248587570624,58766.06497175141,0.0,1.0,0.0,0.0,0.0,0.22598870056497175,0.5819209039548022,0.025423728813559324,0.031073446327683617,0.03672316384180791,2020.6412429378531
74,MA,Highschool,186250.0,7.0,1.5,128500.0,47500.0,10500.0,10281.0,379.5,69633.0,0.0,0.0,0.0,1.0,0.0,0.0,0.75,0.25,0.0,0.0,2021.0
75,MA,Master's Degree,202044.22604422603,7.395577395577396,2.8943488943488944,140206.38820638822,42862.40786240786,19073.710073710074,9861.039312039313,501.0638820638821,48115.700245700245,1.0,0.0,0.014742014742014743,0.0,0.0,0.35626535626535627,0.18673218673218672,0.019656019656019656,0.012285012285012284,0.014742014742014743,2020.3882063882063
76,MA,PhD,238137.25490196078,5.882352941176471,2.2450980392156863,156803.92156862744,54725.490196078434,26647.058823529413,9457.392156862745,506.0,51815.82352941176,0.0,0.0,1.0,0.0,0.0,0.27450980392156865,0.35294117647058826,0.0,0.0,0.0392156862745098,2020.5294117647059
77,MA,Some College,182400.0,9.7,3.2,134200.0,37000.0,11100.0,8824.4,506.0,56941.9,0.0,0.0,0.0,0.0,1.0,0.0,0.9,0.0,0.1,0.0,2020.6
78,MD,Bachelor's Degree,127000.0,6.194444444444445,3.0277777777777777,111527.77777777778,7361.111111111111,8333.333333333334,10210.222222222223,426.55555555555554,64646.0,0.0,1.0,0.0,0.0,0.0,0.027777777777777776,0.5833333333333334,0.027777777777777776,0.1111111111111111,0.08333333333333333,2020.8055555555557
79,MD,Highschool,48000.0,7.0,1.0,48000.0,0.0,0.0,3818.0,0.0,34374.0,0.0,0.0,0.0,1.0,0.0,0.0,1.0,0.0,0.0,0.0,2020.0
80,MD,Master's Degree,132045.45454545456,8.681818181818182,3.3636363636363638,108931.81818181818,12068.181818181818,11000.0,7723.977272727273,313.9318181818182,53657.59090909091,1.0,0.0,0.0,0.0,0.0,0.29545454545454547,0.20454545454545456,0.045454545454545456,0.022727272727272728,0.11363636363636363,2020.5681818181818
81,MD,PhD,138000.0,5.5,2.0,128500.0,0.0,9500.0,17665.0,512.0,53720.0,0.0,0.0,1.0,0.0,0.0,0.5,0.5,0.0,0.0,0.0,2020.5
82,MD,Some College,124000.0,18.5,2.0,124000.0,500.0,0.0,6363.5,256.0,49764.5,0.0,0.0,0.0,0.0,1.0,0.0,0.5,0.0,0.0,0.5,2020.5
83,ME,Bachelor's Degree,92000.0,3.0,3.0,92000.0,0.0,0.0,9010.0,500.0,79949.0,0.0,1.0,0.0,0.0,0.0,0.0,1.0,0.0,0.0,0.0,2021.0
84,ME,Master's Degree,106000.0,7.0,5.0,101000.0,0.0,5000.0,24265.0,537.0,78413.0,1.0,0.0,0.0,0.0,0.0,1.0,0.0,0.0,0.0,0.0,2021.0
85,MI,Bachelor's Degree,115936.50793650794,6.222222222222222,3.6507936507936507,100476.19047619047,5428.571428571428,9968.253968253968,9246.396825396825,486.4761904761905,58800.09523809524,0.0,1.0,0.0,0.0,0.0,0.15873015873015872,0.4603174603174603,0.06349206349206349,0.12698412698412698,0.06349206349206349,2020.6190476190477
86,MI,Highschool,156666.66666666666,9.333333333333334,2.0,143333.33333333334,0.0,13333.333333333334,9057.333333333334,524.3333333333334,73238.33333333333,0.0,0.0,0.0,1.0,0.0,0.0,1.0,0.0,0.0,0.0,2021.0
87,MI,Master's Degree,135241.37931034484,7.793103448275862,3.189655172413793,114655.1724137931,6793.103448275862,13810.344827586207,9315.413793103447,466.9310344827586,56408.0,1.0,0.0,0.0,0.0,0.0,0.46551724137931033,0.3103448275862069,0.0,0.0,0.034482758620689655,2020.5689655172414
88,MI,PhD,118666.66666666667,2.3333333333333335,2.3333333333333335,102666.66666666667,0.0,16000.0,7347.333333333333,336.6666666666667,58894.333333333336,0.0,0.0,1.0,0.0,0.0,0.0,0.6666666666666666,0.0,0.0,0.0,2020.6666666666667
89,MI,Some College,110000.0,2.0,0.0,105000.0,0.0,5000.0,9052.0,505.0,58093.0,0.0,0.0,0.0,0.0,1.0,0.0,0.0,0.0,1.0,0.0,2021.0
90,MN,Bachelor's Degree,130434.34343434343,5.828282828282828,2.707070707070707,113717.17171717172,5878.787878787879,10949.494949494949,13367.434343434343,598.5656565656566,58458.10101010101,0.0,1.0,0.0,0.0,0.0,0.15151515151515152,0.6767676767676768,0.020202020202020204,0.030303030303030304,0.010101010101010102,2020.6363636363637
91,MN,Highschool,150333.33333333334,6.666666666666667,2.0,117000.0,1666.6666666666667,31333.333333333332,9194.0,613.0,53125.333333333336,0.0,0.0,0.0,1.0,0.0,0.0,0.6666666666666666,0.0,0.3333333333333333,0.0,2020.3333333333333
92,MN,Master's Degree,180222.22222222222,8.555555555555555,4.033333333333333,141666.66666666666,20733.333333333332,18000.0,11385.4,612.9111111111112,48520.02222222222,1.0,0.0,0.0,0.0,0.0,0.26666666666666666,0.3111111111111111,0.044444444444444446,0.044444444444444446,0.0,2020.4222222222222
93,MN,PhD,169714.2857142857,7.285714285714286,3.7142857142857144,136571.42857142858,11571.42857142857,21714.285714285714,24082.14285714286,525.4285714285714,53922.857142857145,0.0,0.0,1.0,0.0,0.0,0.14285714285714285,0.42857142857142855,0.0,0.0,0.14285714285714285,2020.5714285714287
94,MO,Bachelor's Degree,109576.92307692308,5.4423076923076925,2.3653846153846154,97884.61538461539,4519.2307692307695,7269.2307692307695,13078.096153846154,612.5384615384615,61765.75,0.0,1.0,0.0,0.0,0.0,0.23076923076923078,0.5576923076923077,0.038461538461538464,0.019230769230769232,0.057692307692307696,2020.75
95,MO,Highschool,67500.0,3.0,2.5,59000.0,0.0,8500.0,32621.5,614.0,48183.0,0.0,0.0,0.0,1.0,0.0,0.5,0.5,0.0,0.0,0.0,2020.5
96,MO,Master's Degree,112482.14285714286,6.232142857142857,3.3482142857142856,99964.28571428571,3214.285714285714,9410.714285714286,11475.55357142857,613.125,52505.67857142857,1.0,0.0,0.0,0.0,0.0,0.42857142857142855,0.19642857142857142,0.0,0.017857142857142856,0.017857142857142856,2020.5
97,MO,PhD,100000.0,3.0,1.0,100000.0,0.0,0.0,9364.0,616.0,17433.0,0.0,0.0,1.0,0.0,0.0,0.0,0.0,0.0,0.0,0.0,2019.0
98,MO,Some College,145000.0,11.0,1.25,131000.0,7000.0,7000.0,11263.0,610.75,66216.5,0.0,0.0,0.0,0.0,1.0,0.0,0.75,0.0,0.25,0.0,2020.75
99,MS,Bachelor's Degree,115000.0,6.0,6.0,103000.0,0.0,12000.0,9509.0,640.0,45448.0,0.0,1.0,0.0,0.0,0.0,0.0,1.0,0.0,0.0,0.0,2020.0
100,MS,Master's Degree,70000.0,2.0,1.0,68000.0,0.0,0.0,9504.0,673.0,74157.0,1.0,0.0,0.0,0.0,0.0,1.0,0.0,0.0,0.0,0.0,2021.0
101,MT,Bachelor's Degree,110666.66666666667,3.6666666666666665,2.3333333333333335,91666.66666666667,9333.333333333334,10333.333333333334,9557.0,766.0,39256.333333333336,0.0,1.0,0.0,0.0,0.0,0.0,1.0,0.0,0.0,0.0,2020.0
102,MT,Master's Degree,112000.0,14.0,4.5,109500.0,0.0,0.0,9544.0,754.0,57265.5,1.0,0.0,0.0,0.0,0.0,0.0,1.0,0.0,0.0,0.0,2020.5
103,NC,Bachelor's Degree,146531.25,6.890625,3.2421875,118367.1875,15304.6875,13046.875,7072.15625,542.453125,60828.4765625,0.0,1.0,0.0,0.0,0.0,0.1640625,0.5078125,0.046875,0.09375,0.078125,2020.703125
104,NC,Master's Degree,158889.83050847458,7.440677966101695,3.0483050847457624,133093.22033898305,12830.50847457627,12957.627118644068,5664.440677966101,547.6271186440678,55182.80508474576,1.0,0.0,0.0,0.0,0.0,0.3813559322033898,0.22033898305084745,0.0,0.00847457627118644,0.00847457627118644,2020.542372881356
105,NC,PhD,174062.5,5.4375,2.8125,143937.5,13500.0,16562.5,7009.5625,541.1875,53924.25,0.0,0.0,1.0,0.0,0.0,0.0625,0.5625,0.0625,0.0,0.0,2020.5625
106,NC,Some College,125714.28571428571,10.714285714285714,1.5714285714285714,109000.0,5571.428571428572,11571.42857142857,9376.714285714286,552.4285714285714,59059.142857142855,0.0,0.0,0.0,0.0,1.0,0.14285714285714285,0.7142857142857143,0.0,0.0,0.14285714285714285,2020.7142857142858
107,ND,Bachelor's Degree,175000.0,20.0,20.0,135000.0,0.0,40000.0,9721.0,724.0,61553.0,0.0,1.0,0.0,0.0,0.0,0.0,1.0,0.0,0.0,0.0,2021.0
108,ND,Master's Degree,180000.0,15.0,11.0,145000.0,15000.0,20000.0,9721.0,724.0,64887.0,1.0,0.0,0.0,0.0,0.0,0.0,1.0,0.0,0.0,0.0,2021.0
109,NE,Bachelor's Degree,104500.0,8.75,2.625,95375.0,1875.0,7625.0,1265.0,652.0,62564.875,0.0,1.0,0.0,0.0,0.0,0.125,0.75,0.0,0.125,0.0,2020.75
110,NE,Highschool,136000.0,3.0,0.0,125000.0,0.0,11000.0,1265.0,652.0,68408.0,0.0,0.0,0.0,1.0,0.0,0.0,1.0,0.0,0.0,0.0,2021.0
111,NE,Master's Degree,192750.0,8.75,3.25,153000.0,21250.0,19750.0,10264.25,482.0,47174.25,1.0,0.0,0.0,0.0,0.0,0.5,0.25,0.0,0.0,0.0,2020.5
112,NH,Bachelor's Degree,131640.625,8.375,2.546875,98812.5,18218.75,14484.375,7551.203125,55.34375,56102.953125,0.0,1.0,0.0,0.0,0.0,0.1875,0.546875,0.0625,0.0,0.078125,2020.5625
113,NH,Highschool,136800.0,10.4,2.0,119200.0,12000.0,5600.0,6580.0,0.0,56175.2,0.0,0.0,0.0,1.0,0.0,0.0,0.6,0.0,0.0,0.4,2020.6
114,NH,Master's Degree,133932.2033898305,7.5423728813559325,2.5,99559.32203389831,19457.627118644068,14881.35593220339,7849.28813559322,51.45762711864407,49466.627118644064,1.0,0.0,0.01694915254237288,0.0,0.0,0.15254237288135594,0.4406779661016949,0.0,0.0,0.03389830508474576,2020.406779661017
115,NH,PhD,126200.0,4.8,2.4,93800.0,19200.0,13200.0,6580.0,0.0,48587.2,0.0,0.0,1.0,0.0,0.0,0.0,0.2,0.0,0.0,0.0,2020.6
116,NH,Some College,137666.66666666666,8.666666666666666,1.6666666666666667,96666.66666666667,28333.333333333332,11666.666666666666,9648.666666666666,0.0,73945.33333333333,0.0,0.0,0.0,0.0,1.0,0.0,0.6666666666666666,0.0,0.3333333333333333,0.0,2021.0
117,NJ,Bachelor's Degree,145256.41025641025,5.576923076923077,2.858974358974359,122256.41025641025,7307.692307692308,15756.410256410256,13329.666666666666,501.3076923076923,61504.47435897436,0.0,1.0,0.0,0.0,0.0,0.44871794871794873,0.2564102564102564,0.01282051282051282,0.0,0.10256410256410256,2020.7692307692307
118,NJ,Highschool,276000.0,15.0,8.5,200000.0,7500.0,66000.0,17951.5,501.0,58809.0,0.0,0.0,0.0,1.0,0.0,0.5,0.5,0.0,0.0,0.0,2021.0
119,NJ,Master's Degree,168226.8907563025,7.857142857142857,3.327731092436975,138260.50420168068,9394.957983193277,20672.268907563026,11824.09243697479,496.94117647058823,46752.58823529412,1.0,0.0,0.0,0.0,0.0,0.4369747899159664,0.09243697478991597,0.01680672268907563,0.008403361344537815,0.0,2020.3529411764705
120,NJ,PhD,249363.63636363635,6.090909090909091,2.909090909090909,175363.63636363635,46545.454545454544,27272.727272727272,15472.454545454546,501.54545454545456,48406.09090909091,0.0,0.0,1.0,0.0,0.0,0.36363636363636365,0.18181818181818182,0.0,0.0,0.0,2020.5454545454545
121,NJ,Some College,198666.66666666666,9.0,3.3333333333333335,158333.33333333334,11000.0,30333.333333333332,11627.333333333334,501.0,56063.333333333336,0.0,0.0,0.0,0.0,1.0,0.3333333333333333,0.6666666666666666,0.0,0.0,0.0,2020.6666666666667
122,NM,Bachelor's Degree,105000.0,2.0,2.0,105000.0,0.0,5000.0,10002.0,790.0,68062.0,0.0,1.0,0.0,0.0,0.0,0.0,1.0,0.0,0.0,0.0,2021.0
123,NM,Master's Degree,171250.0,6.0,4.5,124000.0,35000.0,12250.0,10010.75,790.0,69443.0,1.0,0.0,0.0,0.0,0.0,0.0,0.25,0.25,0.0,0.5,2021.0
124,NM,PhD,155000.0,9.0,4.0,125000.0,12000.0,18000.0,10002.0,790.0,37440.0,0.0,0.0,1.0,0.0,0.0,0.0,0.0,0.0,0.0,0.0,2020.0
125,NV,Bachelor's Degree,108500.0,6.333333333333333,2.8333333333333335,103666.66666666667,3500.0,1833.3333333333333,10073.333333333334,825.0,55134.833333333336,0.0,1.0,0.0,0.0,0.0,0.5,0.3333333333333333,0.16666666666666666,0.0,0.0,2020.5
126,NV,Master's Degree,134800.0,9.4,2.4,120400.0,9000.0,5800.0,10072.2,827.8,61077.8,1.0,0.0,0.0,0.0,0.0,1.0,0.0,0.0,0.0,0.0,2020.8
127,NY,Bachelor's Degree,210135.88850174216,5.477351916376307,2.0792682926829267,149107.14285714287,36841.46341463415,24265.67944250871,10364.804006968641,501.2621951219512,58769.48344947735,0.0,1.0,0.0,0.0,0.0,0.33885017421602787,0.37717770034843207,0.04355400696864112,0.04790940766550523,0.06445993031358885,2020.6463414634147
128,NY,Highschool,278227.2727272727,7.818181818181818,2.272727272727273,168227.27272727274,84590.90909090909,25500.0,10179.772727272728,503.45454545454544,56066.40909090909,0.0,0.0,0.0,1.0,0.0,0.045454545454545456,0.5909090909090909,0.13636363636363635,0.09090909090909091,0.045454545454545456,2020.6818181818182
129,NY,Master's Degree,235536.40256959313,7.209850107066381,2.521199143468951,165600.64239828693,39621.19914346895,29070.66381156317,10327.46573875803,501.3201284796574,49112.332976445396,1.0,0.0,0.0032119914346895075,0.0,0.0,0.341541755888651,0.18950749464668093,0.019271948608137045,0.022483940042826552,0.034261241970021415,2020.4197002141327
130,NY,PhD,313183.67346938775,5.76530612244898,2.556122448979592,182683.67346938775,75561.22448979592,55010.204081632655,11008.642857142857,501.265306122449,44979.62244897959,0.0,0.0,1.0,0.0,0.0,0.21428571428571427,0.24489795918367346,0.01020408163265306,0.0,0.02040816326530612,2020.3061224489795
131,NY,Some College,233586.2068965517,8.275862068965518,1.8620689655172413,150172.41379310345,60758.620689655174,22586.206896551725,10183.137931034482,502.0689655172414,55401.55172413793,0.0,0.0,0.0,0.0,1.0,0.06896551724137931,0.5862068965517241,0.27586206896551724,0.034482758620689655,0.034482758620689655,2020.5172413793102
132,OH,Bachelor's Degree,125040.8163265306,6.755102040816326,2.979591836734694,109000.0,4530.6122448979595,11795.918367346938,10802.204081632653,525.3469387755102,64677.91836734694,0.0,1.0,0.0,0.0,0.0,0.24489795918367346,0.5306122448979592,0.04081632653061224,0.04081632653061224,0.0,2020.795918367347
133,OH,Highschool,126000.0,7.666666666666667,2.0,109000.0,2000.0,15000.0,10276.0,520.0,55409.0,0.0,0.0,0.0,1.0,0.0,0.3333333333333333,0.3333333333333333,0.0,0.3333333333333333,0.0,2020.6666666666667
134,OH,Master's Degree,128133.33333333333,7.5777777777777775,3.3333333333333335,110377.77777777778,8622.222222222223,9466.666666666666,11498.822222222223,527.9555555555555,55738.6,1.0,0.0,0.0,0.0,0.0,0.4,0.26666666666666666,0.022222222222222223,0.044444444444444446,0.044444444444444446,2020.5333333333333
135,OH,Some College,185666.66666666666,11.666666666666666,5.666666666666667,138333.33333333334,17333.333333333332,30000.0,10278.0,535.0,68291.33333333333,0.0,0.0,0.0,0.0,1.0,0.0,1.0,0.0,0.0,0.0,2020.6666666666667
136,OK,Bachelor's Degree,77500.0,5.75,5.75,77500.0,0.0,0.0,1267.0,650.0,55150.5,0.0,1.0,0.0,0.0,0.0,0.5,0.5,0.0,0.0,0.0,2020.5
137,OK,Master's Degree,117000.0,6.666666666666667,3.3333333333333335,96000.0,6666.666666666667,14333.333333333334,4333.666666666667,657.0,49791.333333333336,1.0,0.0,0.0,0.0,0.0,0.3333333333333333,0.0,0.0,0.0,0.0,2020.3333333333333
138,OK,PhD,186500.0,5.5,0.0,132000.0,37000.0,17500.0,5867.0,660.5,57285.5,0.0,0.0,1.0,0.0,0.0,0.0,1.0,0.0,0.0,0.0,2020.5
139,OK,Some College,77000.0,3.0,3.0,77000.0,0.0,0.0,1267.0,650.0,80877.0,0.0,0.0,0.0,0.0,1.0,0.0,1.0,0.0,0.0,0.0,2021.0
140,OR,Bachelor's Degree,167113.04347826086,8.4,3.756521739130435,132704.34782608695,19956.521739130436,14408.695652173914,10526.269565217392,819.6782608695652,57416.443478260866,0.0,1.0,0.0,0.0,0.0,0.13043478260869565,0.591304347826087,0.034782608695652174,0.008695652173913044,0.05217391304347826,2020.6521739130435
141,OR,Highschool,186750.0,13.75,6.25,144500.0,27500.0,14250.0,10512.75,820.0,58607.5,0.0,0.0,0.0,1.0,0.0,0.0,1.0,0.0,0.0,0.0,2020.75
142,OR,Master's Degree,185601.1235955056,9.904494382022472,6.46067415730337,137179.77528089887,25449.43820224719,23067.415730337078,10525.370786516854,820.0,50579.011235955055,1.0,0.0,0.011235955056179775,0.0,0.0,0.43820224719101125,0.1797752808988764,0.0056179775280898875,0.016853932584269662,0.011235955056179775,2020.438202247191
143,OR,PhD,194833.33333333334,6.35,5.35,144916.66666666666,23433.333333333332,26566.666666666668,10580.6,819.6833333333333,50119.25,0.0,0.0,1.0,0.0,0.0,0.43333333333333335,0.08333333333333333,0.016666666666666666,0.0,0.016666666666666666,2020.5
144,OR,Some College,216375.0,11.625,3.125,163000.0,34375.0,19000.0,10512.625,820.125,62809.875,0.0,0.0,0.0,0.0,1.0,0.0,0.75,0.125,0.0,0.0,2020.75
145,PA,Bachelor's Degree,139663.63636363635,4.745454545454545,2.0272727272727273,108018.18181818182,19227.272727272728,12490.90909090909,12357.8,508.95454545454544,60246.46363636364,0.0,1.0,0.0,0.0,0.0,0.18181818181818182,0.6545454545454545,0.01818181818181818,0.02727272727272727,0.045454545454545456,2020.6454545454546
146,PA,Master's Degree,175901.7857142857,7.955357142857143,3.84375,133080.35714285713,27535.714285714286,15321.42857142857,11517.357142857143,502.8392857142857,51519.53571428572,1.0,0.0,0.0,0.0,0.0,0.3482142857142857,0.2857142857142857,0.008928571428571428,0.0,0.026785714285714284,2020.482142857143
147,PA,PhD,184461.53846153847,4.923076923076923,3.0,140461.53846153847,29846.153846153848,14307.692307692309,13015.307692307691,507.38461538461536,53370.38461538462,0.0,0.0,1.0,0.0,0.0,0.38461538461538464,0.3076923076923077,0.0,0.0,0.07692307692307693,2020.5384615384614
148,PA,Some College,141200.0,5.6,2.4,116000.0,13000.0,10400.0,10635.2,516.4,60456.2,0.0,0.0,0.0,0.0,1.0,0.0,0.4,0.0,0.2,0.2,2020.6
149,RI,Bachelor's Degree,107300.0,5.7,2.4,97900.0,2500.0,7100.0,14197.9,364.7,52280.4,0.0,1.0,0.0,0.0,0.0,0.4,0.2,0.0,0.0,0.1,2020.4
150,RI,Master's Degree,150600.0,6.0,3.6,105200.0,4600.0,40800.0,8636.4,312.6,45076.0,1.0,0.0,0.0,0.0,0.0,0.0,0.4,0.0,0.0,0.0,2020.2
151,RI,PhD,110333.33333333333,1.6666666666666667,1.6666666666666667,105000.0,0.0,5000.0,29204.0,521.0,54214.0,0.0,0.0,1.0,0.0,0.0,1.0,0.0,0.0,0.0,0.0,2020.6666666666667
152,SC,Bachelor's Degree,92034.4827586207,5.896551724137931,2.9655172413793105,77551.72413793103,6862.068965517241,7827.586206896552,7188.379310344828,109.75862068965517,58488.96551724138,0.0,1.0,0.0,0.0,0.0,0.1724137931034483,0.5862068965517241,0.10344827586206896,0.0,0.034482758620689655,2020.6206896551723
153,SC,Highschool,186000.0,15.0,7.0,116000.0,70000.0,0.0,5950.0,0.0,66666.0,0.0,0.0,0.0,1.0,0.0,0.0,1.0,0.0,0.0,0.0,2021.0
154,SC,Master's Degree,123750.0,7.0,3.3333333333333335,102583.33333333333,11750.0,9500.0,8075.5,267.3333333333333,50849.583333333336,1.0,0.0,0.0,0.0,0.0,0.0,0.5833333333333334,0.0,0.0,0.0,2020.4166666666667
155,SC,PhD,112000.0,4.0,2.0,96000.0,0.0,16000.0,4893.0,0.0,66025.0,0.0,0.0,1.0,0.0,0.0,0.0,1.0,0.0,0.0,0.0,2021.0
156,SC,Some College,104000.0,8.0,3.0,95000.0,3000.0,10000.0,10726.0,519.0,74530.0,0.0,0.0,0.0,0.0,1.0,0.0,1.0,0.0,0.0,0.0,2021.0
157,TN,Bachelor's Degree,61471.42857142857,4.642857142857143,2.2,50800.0,6271.428571428572,4428.571428571428,12377.771428571428,231.42857142857142,59666.25714285715,0.0,1.0,0.0,0.0,0.0,0.5857142857142857,0.2571428571428571,0.0,0.014285714285714285,0.04285714285714286,2020.642857142857
158,TN,Master's Degree,103055.55555555556,7.722222222222222,2.8055555555555554,82666.66666666667,13111.111111111111,7472.222222222223,12013.75,381.77777777777777,55414.583333333336,1.0,0.0,0.0,0.0,0.0,0.4166666666666667,0.16666666666666666,0.0,0.027777777777777776,0.027777777777777776,2020.5833333333333
159,TN,Some College,58000.0,0.0,0.0,58000.0,0.0,0.0,10919.0,659.0,46253.0,0.0,0.0,0.0,0.0,1.0,1.0,0.0,0.0,0.0,0.0,2020.0
160,TX,Bachelor's Degree,146107.14285714287,6.157738095238095,2.5550595238095237,117684.52380952382,14949.404761904761,13468.75,11230.300595238095,628.2514880952381,59280.943452380954,0.0,1.0,0.0,0.0,0.0,0.24851190476190477,0.41369047619047616,0.050595238095238096,0.06101190476190476,0.09970238095238096,2020.6502976190477
161,TX,Highschool,162250.0,5.875,1.75,127750.0,22375.0,11750.0,11058.75,632.0,50543.0,0.0,0.0,0.0,1.0,0.0,0.125,0.625,0.0,0.125,0.125,2020.375
162,TX,Master's Degree,174954.9929676512,8.163150492264416,2.859353023909986,135239.099859353,22073.136427566806,17704.64135021097,11211.398030942335,630.563994374121,53574.07594936709,1.0,0.0014064697609001407,0.0028129395218002813,0.0,0.0,0.4149085794655415,0.16877637130801687,0.015471167369901548,0.0379746835443038,0.02812939521800281,2020.5119549929677
163,TX,PhD,222583.33333333334,8.104166666666666,3.9166666666666665,153625.0,42895.833333333336,26395.833333333332,11018.604166666666,629.375,49636.333333333336,0.0,0.0,1.0,0.0,0.0,0.3333333333333333,0.25,0.020833333333333332,0.041666666666666664,0.020833333333333332,2020.375
164,TX,Some College,151391.30434782608,7.434782608695652,4.173913043478261,122173.91304347826,20391.304347826088,9086.95652173913,11066.0,629.3478260869565,63250.13043478261,0.0,0.0,0.0,0.0,1.0,0.13043478260869565,0.6521739130434783,0.0,0.043478260869565216,0.17391304347826086,2020.7391304347825
165,UT,Bachelor's Degree,150894.73684210525,5.543859649122807,2.3157894736842106,115578.94736842105,26263.157894736843,9228.070175438597,9580.964912280702,770.0,59079.070175438595,0.0,1.0,0.0,0.0,0.0,0.15789473684210525,0.5964912280701754,0.017543859649122806,0.017543859649122806,0.05263157894736842,2020.6491228070176
166,UT,Master's Degree,150976.19047619047,5.071428571428571,1.6428571428571428,118190.47619047618,19023.809523809523,13666.666666666666,9240.380952380952,751.6666666666666,54421.45238095238,1.0,0.0,0.0,0.0,0.0,0.5476190476190477,0.14285714285714285,0.023809523809523808,0.023809523809523808,0.023809523809523808,2020.595238095238
167,UT,Some College,154857.14285714287,7.714285714285714,2.142857142857143,129142.85714285714,17857.14285714286,7857.142857142857,12896.57142857143,770.0,65033.142857142855,0.0,0.0,0.0,0.0,1.0,0.14285714285714285,0.7142857142857143,0.0,0.0,0.14285714285714285,2020.857142857143
168,VA,Bachelor's Degree,152881.5331010453,5.383275261324042,2.059233449477352,125198.606271777,14135.88850174216,13672.47386759582,12288.181184668989,512.7038327526133,59468.06271777004,0.0,1.0,0.0,0.0,0.0,0.31010452961672474,0.4425087108013937,0.04878048780487805,0.0313588850174216,0.04529616724738676,2020.6724738675957
169,VA,Highschool,157250.0,5.75,1.25,126250.0,18750.0,12375.0,15064.25,518.75,59475.25,0.0,0.0,0.0,1.0,0.0,0.0,0.75,0.0,0.0,0.125,2020.75
170,VA,Master's Degree,178554.2857142857,7.468571428571429,2.2914285714285714,139222.85714285713,19902.85714285714,19600.0,12056.194285714286,516.7371428571429,51932.30857142857,1.0,0.005714285714285714,0.005714285714285714,0.0,0.0,0.29714285714285715,0.21142857142857144,0.02857142857142857,0.04,0.022857142857142857,2020.48
171,VA,PhD,186615.38461538462,6.0,1.3846153846153846,142769.23076923078,22153.846153846152,21692.30769230769,11447.0,514.4615384615385,58433.153846153844,0.0,0.0,1.0,0.0,0.0,0.3076923076923077,0.46153846153846156,0.0,0.0,0.0,2020.6923076923076
172,VA,Some College,203200.0,8.8,1.2,149600.0,33600.0,20000.0,11395.6,511.0,55027.0,0.0,0.0,0.0,0.0,1.0,0.0,0.4,0.0,0.6,0.0,2020.4
173,VT,Bachelor's Degree,104000.0,5.0,5.0,91000.0,0.0,13000.0,1153.0,523.0,61282.0,0.0,1.0,0.0,0.0,0.0,0.0,0.0,0.0,0.0,0.0,2021.0
174,VT,Master's Degree,143500.0,17.5,15.0,143500.0,0.0,0.0,15930.0,514.5,70660.5,1.0,0.0,0.0,0.0,0.0,0.0,0.5,0.0,0.0,0.5,2021.0
175,WA,Bachelor's Degree,227078.34602829162,6.451577801958651,2.876496191512514,144639.281828074,61814.11860718172,19923.28618063112,11525.063112078346,819.0353645266595,57620.1556039173,0.0,1.0,0.0,0.0,0.0,0.35799782372143635,0.38030467899891185,0.03808487486398259,0.03808487486398259,0.0750816104461371,2020.5908596300326
176,WA,Highschool,247358.97435897434,8.76923076923077,3.0256410256410255,152897.4358974359,72205.1282051282,22230.76923076923,11551.871794871795,819.0,58656.92307692308,0.0,0.0,0.0,1.0,0.0,0.02564102564102564,0.6923076923076923,0.07692307692307693,0.0,0.10256410256410256,2020.6153846153845
177,WA,Master's Degree,247023.07162534434,7.573002754820936,2.7919765840220383,153470.7300275482,70904.66150137741,22283.40220385675,11528.896005509641,818.7190082644628,47050.12362258953,1.0,0.0003443526170798898,0.007231404958677686,0.0,0.0,0.4053030303030303,0.10984848484848485,0.013085399449035813,0.013774104683195593,0.01997245179063361,2020.3474517906336
178,WA,PhD,308250.9090909091,7.2290909090909095,2.349090909090909,170109.0909090909,106210.90909090909,31945.454545454544,11560.214545454546,819.0036363636364,46747.07272727273,0.0,0.0,1.0,0.0,0.0,0.2581818181818182,0.2109090909090909,0.01818181818181818,0.02181818181818182,0.014545454545454545,2020.32
179,WA,Some College,219313.72549019608,10.058823529411764,2.392156862745098,146156.86274509804,51509.80392156863,21607.843137254902,11520.29411764706,819.0,56025.56862745098,0.0,0.0,0.0,0.0,1.0,0.09803921568627451,0.6274509803921569,0.0784313725490196,0.0784313725490196,0.0392156862745098,2020.5686274509803
180,WI,Bachelor's Degree,120976.74418604652,4.5813953488372094,2.813953488372093,111418.6046511628,3116.279069767442,6627.906976744186,11707.53488372093,637.7209302325581,53166.20930232558,0.0,1.0,0.0,0.0,0.0,0.18604651162790697,0.5348837209302325,0.0,0.0,0.06976744186046512,2020.4651162790697
181,WI,Master's Degree,154576.92307692306,6.769230769230769,3.3846153846153846,129269.23076923077,15192.307692307691,10538.461538461539,11704.26923076923,666.2692307692307,44211.92307692308,1.0,0.0,0.0,0.0,0.0,0.3076923076923077,0.15384615384615385,0.038461538461538464,0.0,0.0,2020.3076923076924
182,WI,PhD,130333.33333333333,3.3333333333333335,2.6666666666666665,107000.0,10000.0,13333.333333333334,9732.666666666666,446.0,57713.333333333336,0.0,0.0,1.0,0.0,0.0,0.0,0.3333333333333333,0.0,0.0,0.0,2020.6666666666667
183,WV,Bachelor's Degree,120000.0,5.25,0.25,101500.0,12000.0,7250.0,17786.25,523.5,55452.5,0.0,1.0,0.0,0.0,0.0,0.0,0.5,0.0,0.0,0.0,2020.25
184,WV,Highschool,65000.0,1.0,1.0,65000.0,0.0,0.0,11643.0,564.0,79289.0,0.0,0.0,0.0,1.0,0.0,0.0,1.0,0.0,0.0,0.0,2021.0
185,WV,Master's Degree,104500.0,4.5,3.0,99000.0,0.0,6500.0,11670.0,508.0,39508.5,1.0,0.0,0.0,0.0,0.0,0.0,0.0,0.0,0.0,0.0,2020.0
186,WV,PhD,162000.0,18.0,5.0,158000.0,0.0,4000.0,11670.0,508.0,40546.0,0.0,0.0,1.0,0.0,0.0,0.0,1.0,0.0,0.0,0.0,2020.0
187,WY,Master's Degree,156000.0,7.0,5.0,131000.0,11000.0,13000.0,11705.0,759.0,71303.0,1.0,0.0,0.0,0.0,0.0,0.0,1.0,0.0,0.0,0.0,2021.0
